{
    "swagger": "2.0",
    "info": {
        "description": "Example API demonstrating middleware and Swagger docs.",
        "title": "Web Service Gin Example",
        "contact": {},
        "version": "1.0"
    },
    "basePath": "/",
    "paths": {
        "/v1/albums": {
            "get": {
                "security": [
                    {
                        "ApiKeyAuth": []
                    }
                ],
                "description": "Retrieves albums. Requires Authorization header and X-Rate header.",
                "produces": [
                    "application/json"
                ],
                "tags": [
                    "albums"
                ],
                "summary": "List albums",
                "parameters": [
                    {
                        "type": "string",
                        "description": "Artist name",
                        "name": "artist",
                        "in": "query"
                    }
                ],
                "responses": {
                    "200": {
                        "description": "OK",
                        "schema": {
                            "type": "array",
                            "items": {
                                "$ref": "#/definitions/albums.Album"
                            }
                        }
                    },
                    "400": {
                        "description": "Bad Request",
                        "schema": {
                            "$ref": "#/definitions/middleware.ErrorResponse"
                        }
                    },
                    "401": {
                        "description": "Unauthorized",
                        "schema": {
                            "$ref": "#/definitions/middleware.ErrorResponse"
                        }
                    }
                }
            }
        }
    },
    "definitions": {
        "albums.Album": {
            "type": "object",
            "properties": {
                "artist": {
                    "type": "string"
                },
                "id": {
                    "type": "string"
                },
                "price": {
                    "type": "number"
                },
                "title": {
                    "type": "string"
                }
            }
        },
        "apiErrors.APIError": {
            "type": "object",
            "properties": {
                "code": {
                    "type": "string"
                },
                "details": {},
                "message": {
                    "type": "string"
                }
            }
        },
        "middleware.ErrorResponse": {
            "type": "object",
            "properties": {
                "error": {
                    "$ref": "#/definitions/apiErrors.APIError"
                }
            }
        }
    },
    "securityDefinitions": {
        "ApiKeyAuth": {
            "type": "apiKey",
            "name": "Authorization",
            "in": "header"
        }
    }
}